author,updated_at,like_count,text,public
@user-fr5ed3uh7e,2023-11-19T12:28:28Z,0,남는 전기로 수소에너지를 만들면 안되는겨? 정부 관계자들 대갈통 좀 잘 굴려봐라…,True
@SHKim-uv4wo,2023-09-14T11:37:56Z,0,굥정부와 전력마피아들은 신재생에너지를 싫어합니다. 신재생에너지를 통한 수소 생성으로 24시간 발전이 가능함에도 무지한 사람들에게 신재생에너지는 태양없거나 바람이 없으면 안 된다는 식으로 홍보하고 왜곡하고 있으며 전력제한조치로 만들 수 있는 에너지를 사라지게 하면서도 수소 생성에 대해서는 효율이 따지는 이중 잣대를 서섬치 않고 있습니다. (ESS 보다는 Gravity Energy이고 수소와 이퓨얼이 미래입니다.),True
@user-zw8xy5zh8r,2023-09-07T06:53:45Z,0,문재인이 큰일했네 태양광 많이 해처먹었지? 거제대우조선소에도 몇번다녀가더니 망해버렸지 문재인이 진짜 물건!,True
@user-hx8do8oq7y,2023-08-26T12:36:01Z,0,전라도에 인구도 없는데 전라도에 몰빵지원하니 전기가 남아돌지 송전시설도 없구만,True
@-iyagi.com-,2023-08-13T11:06:19Z,0,"태양광발전소 출력제어 한다면서 
LNG, 화력 발전소는 왜 계속 짓는건데",True
@keanupark8031,2023-07-21T07:11:30Z,0,"좌파가하는게 다 저렇지 생각 없이 일단 하고 보는 , 책임은 다음 정부로",True
@SaessakE,2023-07-11T07:02:39Z,0,전력계통에서 60Hz 주파수 유지를 위해선 전기는 항상 부족하지도 않고 남지도 않아야함 간단하게 발전소에선 연료량을 조절해 발전기의 출력을 변화시킴 태양광 출력제어 하는이유? 60Hz 유지하려고 하는거임,True
@user-pe8wq6vv7x,2023-07-05T03:21:57Z,0,"저장시설을 확충안한게 문제인이가 안했지  ㅅㅂ 윤석열이가 안했나?
싼똥이 얼만데, 뒷치닥거리도 바쁘다",True
@hy-0827,2023-07-03T06:03:44Z,0,이게 문재인때 다 해놓은거다 그냥 허가막내주고  관리안되고,True
@otlife9420,2023-06-30T23:55:15Z,0,남는 전기로 수소 만들면 되지 않나??,True
@graycain,2023-06-23T21:06:28Z,1,"애초에 근본적인 문제가 전기가 과잉 생산되는게 문제가 아니라 피크치는 한두시간이 문제인거잖아. 그거 때문에 천문학적인 비용을 들여 전력망 구축하는것도 넌센스고, 구름이나 소나기 한번 때리면 갑자기 태양광 부하 훅 떨어지면 블랙아웃. 태양광 사업자는 ESS든 뭐든 최소한 주간 12시간이라도 균질한 전력을 보낸는 전력 시설을 스스로 확충해서 게런티를 해라. 어차피 태양광만으론 출력이 들쑥날쑥해서 전기 공급 계획을 수립할 수가 없어. 조선시대도 아니고 날씨흐리다고 공장 문닫고 비온다고 일안하고 할 수는 없잖아. 돈받고 사업하는데 세상에 패널티 없는게 말이 되냐? 정해진 전력 해당시간에 균질하게 못보내면 벌금 물리고!!! 주는대로 퍼먹어 이건 울트라 슈퍼 갑질이지. 그리고 태양광 피크칠 땐 전력구매가격을 20%만 주고 야간에 공급하면 할증 붙여 주고.",True
@braingym1042,2023-06-18T07:22:22Z,0,인간들이 웃긴 게 요금 인상에 g로를 하면서 신재생하라고 난리임 ㅋㅋ 하나만 해라 요금이냐 신재생이냐. 둘은 양립 불가. 우리나라에선 신재생이 절대 싼 에너지가 될 수가 없다.,True
@RainbowCalligraphy,2023-06-15T17:04:49Z,0,태양광업체들 이번에 좀 타격받겠네...,True
@user-xu3bl7nh2i,2023-06-15T06:39:19Z,0,송배전시설이 부족하고 문제 있음에도 허가해준 사람이 문제  아닌가? 누가 허가해줬지? 태양광 저거 들어 서는데 뜯어  먹는 사람들 무지 많다고 하던데..,True
@voninctrl,2023-06-13T10:10:17Z,0,신재생 에너지 남으면 ess 저장 하거나 수소 만든다고 하지 않았나?,True
@user-lt3td1hl9t,2023-06-12T03:13:30Z,0,"문재인 한것들 다 헛짖거리 한거라고 하면서 이제는 자기들 한 몫 챙겨야 되니까
하나 하나 부정 여론 시선 몰이ㅋㅋ 
전기가 남아 도는데 한전은 왜 적자냐????
전기세 인상 ㅅㅂ 석렬",True
@user-le1qw5ul4y,2023-06-12T01:39:20Z,1,"신재생.. 좋지.
그런데 이게 제어가 힘듬
원전이나. 화력처럼... 지속적으로 발생하는게 아니고...
자연 환경에 따라 발전량이 들쭉날쭉이라...
신재생 믿고 전기생산하다가는 블랙아웃 올수 있음..",True
@puregold7958,2023-06-11T23:42:08Z,0,곰죄앙의 날림 정책 때문에 나라 곳곳에서 피를 토하고있다,True
@user-qt8vy9jp1u,2023-06-11T12:49:56Z,0,"도라이정부의
한심한정책..ㅉㅉ",True
@_notitle,2023-06-11T07:35:47Z,2,신재생에 대해 환상들 갖고 계신데 설비용량이 넘쳐나 발전 끊을 정도가 되어도 계절별로. 기후별로 발전량이 일정치 않기 때문에 기존의 화력이나 원자력 발전이 받쳐줘야 합니다. 아니면 전력이 부족할때 가스터빌 발전을 해야 되구요...그리고 송전망을 재구축 해야되는데. 밀양에 송전탑하나 세운다고 난리피웠던거 어쩔.......그리고 서해안에 잔뜩 만들어 놓은 신재생 전력망을 전체 전령망이랑 연결해 놓으면 모르긴 해도 전체 전력망이 더 불안해 지지 않을까 싶네요.,True
@user-oq2fu1fw2v,2023-06-11T06:08:35Z,0,"신재생이라 하지마라
환경파괴범이니",True
@user-gh4qs2xt1h,2023-06-11T05:46:27Z,0,발전 될게 없는데 뭔발전 ㅋㅋㅋㅋㅋㅋㅋㅋㅋㅋㅋㅋㅋㅋㅋㅋㅋㅋㅋㅋㅋㅋㅋㅋㅋㅋㅋㅋㅋㅋㅋㅋㅋㅋㅋㅋㅋㅋㅋㅋㅋㅋㅋㅋㅋㅋㅋㅋㅋㅋㅋ,True
@flytaxi,2023-06-11T00:08:51Z,0,"태양광 때문에 전국에 파헤친 산하가 널렸다.
빨리 중단 시켜야 한다.
게다가 태양광 패널도 대부분 중국산.
품질 엉망 서비스도 안된다.총채적 부실이다.",True
@scko933,2023-06-10T10:43:41Z,0,전력망 구조를 모르는 무식한 정치가와 딸랑이 공무원들이 빚은 정책적 실패가 호남지방 태양광발전입니다ㆍ전력공급은  폭우 흐림 태풍등 기후날씨 관계없이  전기공급 가능한 기저발전은 석탄 중유가스등  화력발전과 원전이 맡고 순간순간 계절별 급등부하는 수력과 태양광 풍력이 맡는겁니다ㆍ 그걸 인기 얻겠다고 기타발전들과 연계위한 송전선로 변전설비 ESS배터리 설비 증설이나 설계계획도 없이 호남지방 새만금 신안등에 충청  경상도 합친것이 세배 이상큰데도 이 보다  더 많이 허가를  문정부 말기 내주었죠ㆍ태양광발전 전기는 원전발전전기의 4배넘는 가격으로 정부가 사주니 땅집고  헤엄치기 고수익 사업이니 그랬을겁니다ㆍ지금 당연히 전기를 만들어도 한전이 사서 팔 송전선도 산전기 저장할 배터리도 호남지방은 타지역보다 태부족하니 발전해봐야 아무 의미 없는 호남지방 태양광 입니다ㆍ문정부의 허둥지둥 정책이 빚은 결과입니다ㆍ한전 탓하면 안되죠ㆍ한전은 태양광 상ㆍㅂ 밀어주다 올말적자 200조 예상에 하루 이자만116억 감당하고 있어요ㆍ그 빚 누가 갚아야 하나요?이성적으로 생각들 해보세요ㆍ,True
@fdghwfdfd2629,2023-06-02T17:24:08Z,1,"당연히 전력 저장설비도 늘려야 되는데.. 초딩도 알겠다
이래놓고 한전 적자타령하네",True
@user-ty8eg9pq8i,2023-05-30T12:18:31Z,7,"근본적인 원인은 호남권이 공장도 없고 인구도없어서... 전기를 써야되는데 전기가 남아도는 증상임 그래서 남는전기 타지역에 보내야 하는데 
원체 전기량이 많아 기존에 있던 송전설비로는
한계가 있다는 거에요",True
@user-id3se6bw1v,2023-05-22T09:15:35Z,0,"무리한 계획부실의 탄소중립정책이 민폐로 전력했네.
전기요금 인상의 주범 중 하나로 보조금비리, 불법설치, 환경파괴 유발로 국민민폐 됐다.
문 정부의 아마추어 다운 에너지 정착에서 벗어나. 지속가능한 탄소중립 실현을 위해 부실, 불법을부추키는 지원정책과 관리부실을 해결하기 위해 정책실효성확립과 불법 태양광 시공업체에 대한  과감히 퇴출로 태양광발전 시공업체에대한 도덕성과 관련 공직자의 전문성을 강화하는 조치가 있어야 모순과 불신의 태양광발전사업을 재정비해야합니다",True
@bangbang-dh9dp,2023-05-21T21:58:57Z,0,"미첬나?
돈은 사업자가 벌고 필요한 시설은 세금으로?
태양광으로 돈버는 사람들이 태양광으로 만든 전기 보내는 필요한 시설 다 지워라.",True
@user-gy9hn9de6h,2023-05-16T14:11:33Z,1,생산비가 5배가 많은 태양광 때문에 한전이적자이다,True
@user-yf4xs6xg3s,2023-05-16T08:36:47Z,1,정부 책임이 아니라 문재인 책임이다......,True
@user-hx8oy7fy4g,2023-05-16T03:02:54Z,0,"시팔것들아, 대체 머하다가 이러고 있냐??? 싸지럴때는 생각을 하고, 했어야지 않냐???? ㅋㅋㅋ",True
@playergame2725,2023-05-15T22:31:06Z,0,탁상정책  탈원전의  페해,True
@user-qu6cb4js9r,2023-05-15T20:43:39Z,0,"국힘당 노인들이 한국은 태양광 발전 효율 안나온다더니 제주도도 그렇고 전부 전기가 너무 많이 생산되서 문제라는건 국힘당이 알지도 못하면서 거짓말한거구만,,",True
@SF-lg6ye,2023-05-09T01:45:59Z,4,그럼 화력 같은 돈드는걸 줄이는 방법을 찾는게..,True
@user-ys8co2fh2c,2023-05-05T10:04:59Z,1,전기가 남아돌아서 문제라니... 허... 과생산이면 생산단가를 낮춰야지 계속 비싸게 받고 있는건 아니겠지?,True
@inj4935,2023-05-05T00:33:28Z,4,제주도 저렇던데 빨리 시설 확충해서 제주전기는 경남으로 보내고 호남쪽 전기는 충청쪽으로 보내고 그런식으로 하던가 아니면 저 남는 전기 이용해서 인공석유 만드는 e퓨얼 기술을 제주랑 호남지방에 설치해서 저 남아도는 전기를 석유로 바꿔야 란다,True
@user-bv8mc8wv7f,2023-05-03T07:09:23Z,0,전기저장시설을 확대해야지 돌 대가리들,True
@gwonlee236,2023-05-03T06:40:28Z,1,"어떻게든 신재생에너지를 죽일려고 하는것 아닌가 하는 생각이 든다 생산된 전기를 활용할 방안을
찾는 노력을 해야지 네거티브로 사고를 하고있다 국가가 장래를 준비하지 않고 있다고 생각된다.",True
@meguru420,2023-05-03T05:12:49Z,0,문정부가 얼마나 개헛짓을 해놨나보새요 모두 감옥에 처넣어야합니다,True
@junok1321,2023-05-03T02:06:12Z,1,"와... 저장도 못하는 전기가 남아돌정도로 넘처 흐르는데.. 전기세는 2배로 올리네 ㅋㅋㅋ 완전 거꾸로네...
원전까지 추가로 지으면 돈 더 들어갈낀데... 전기가 남아돌아서 더 난리것네... 그럼 전기세 더 올릵거고 ㅋㅋㅋㅋㅋㅋㅋ",True
@alexyoon8211,2023-05-02T15:03:37Z,0,ESS를 씁시다,True
@user-un9hh1gs7m,2023-05-02T12:44:24Z,2,무신소리.발전소를.부수고.친뢴경.전기를쓰자,True
@user-xe4kt6qu5s,2023-05-02T11:48:40Z,1,각종 발전소 로비의 힘~ 수익율 이 점점 떨어짐,True
@user-nc9jf6if8e,2023-05-02T11:07:52Z,0,전기세좀 내려,True
@krk11,2023-05-02T08:51:58Z,0,"개별 발전소에서 전기를 다른 에너지로 전환하는 시설을 만들면 되겠지만,
예를 들면, 수소같은것들..
그런데, 돈이 더들기때문에 하려고 안하겠지, 무조건 돈벌려고 했던 사업인데, 개털되고나서
또 현수막에 피켓들고, 빨간조끼, 머리띠두르고 광화문에 나올일만 남았네.
무식한놈들은 그냥 시키는 일이나해라.
니들이 무슨 정책기획을 한다고해서
또 말아먹었네.",True
@krk11,2023-05-02T08:46:47Z,0,"무식한 놈들한테, 국가운영을 맡긴 결과가
이런식의 현상을 만들어낸다.
도로를 만들어놓고, 차를 만들어야지
차를 만들고 도로에 내놓으니 당연히 폭증의 문제가 생기지.
산업용 전기는 저장하기가 거의 불가능하고, 하더라도 비용과 땅도 부족하다. 그냥 저장이 안되는걸 알면서
저런식의 무분별한 태양광발전소를 지어댄것이다. 결국 발전사업자들도 피해를 보게될것이다.
무능하면, 머리라도 빌려야할텐데
이 또라이들은 그런것도 못했으니
책임을 어떻게 질거야 !!!
감빵도 아깝다.",True
@maham2823,2023-05-02T07:44:36Z,0,이게 다 으이그 문제인 때문이다.,True
@gatesmelissa9421,2023-05-02T02:34:22Z,1,"발전을 그만큼 해서 전기생산을 잘하고 많이 하고 있는데 정부가 그런 머리가 안돌아가서 정책과 활용을 제대로 못하고 제한만 하고 있으니 참으로 답답한 정책하고 있음, 일단 그정도로 넘쳐나는 전기를 못감당하니 과부하라 일시적으로 맥는건 맞지만 대책을 빨리 따라 가야한다",True
@gatesmelissa9421,2023-05-02T02:31:51Z,0,전기가 그만큼 잘 그리고 많이 생산하고 있다는 뜻 제어보다는 더 확장과 관리를 해서 넘쳐나는 전기를 활용할수 있게 만들어야지 구더기 무서워서 장 못나는 꼴 정책을 하고 있네ㅉㅉ,True
@user-qd7fd6mj4n,2023-05-01T04:00:26Z,1,남는 전기로 수소를 만들어야지,True
@user-pm9hu4xg5g,2023-05-01T01:54:33Z,0,"물똥 오지기 싸고나니
휴지가 없다는거와 같은겨 휴지없이 🚽 가는꼴~~~😊😊😊",True
@IdeaTimeService,2023-04-30T09:42:33Z,0,기업들에 퍼준 전기와 생산전기 사들일 돈만 없애도 적자는 줄어들텐데...,True
@user-er5cw3rg6f,2023-04-30T02:32:50Z,3,"전기세 오른다고 어쩔 수 없다고 난리치더니 넘쳐나는 공급량을 못받아낸다고????
용산에 아방궁 만들고 난리칠 동안 뭐 한거냐? 정부는",True
@user-yq3cm1pj2z,2023-04-29T09:48:15Z,0,"일정지역에 제한을 둘 것이 아니라 킬로당 구입가격을 낮추면 되지, 왜?",True
@user-ey4xz8ri2t,2023-04-26T00:37:01Z,2,KBS 는 나라가 망하든 말든 오직 원자력!!!!!!!! ㅋㅋㅋㅋㅋㅋㅋㅋㅋㅋㅋㅋㅋㅋㅋㅋㅋ,True
@TV-nr8nl,2023-04-23T13:41:19Z,0,윤석열 찍은 2000만 마리를 모조리 찾아내 죽여 없애면 됩니다. 별로 어려운 일 아닙니다. 그리고...... 원전 마피아 새끼들과 그 직계존비속도 모조리 찾아내 죽여 없애주마.,True
@user-gv9hd2fb2c,2023-04-23T12:39:31Z,1,"양산에서 돼지 키우는.....개버린 끌고와서
깜빵 처넣고.... 죄를 물어야 한다....
나라를 망친 매국노.... 덕분에 중국만
꿀 빨았지.....",True
@undnarziss,2023-04-23T05:43:19Z,0,ess를 증설해야지,True
@user-xq7dy6dl2w,2023-04-23T05:37:39Z,1,"저거시야말로 더듬어 돈봉투당의 실체. 
계획없이 밀어 붙히다가 나중에 문제 터지면 다음 정부에 넘기기.",True
@user-bo4re4rr7k,2023-04-23T05:03:49Z,0,zzzzzzzzzzzzzzzzzzzzzzzzzzzzzzzzzzzzzzzzzzzz,True
@user-ht9fy7pg8f,2023-04-23T04:44:19Z,0,개솔... 전기세 올려야하는데 방해되거든,True
@s.silverchoi4922,2023-04-23T00:19:00Z,1,나라를 말아먹는구나.,True
@Matt-pz5uo,2023-04-22T15:21:23Z,3,그 쥐똥만큼 신재생이라고 해둔거도 감당 못할정도면 기반시설을 너무 등한시한거 아닌가...싶넹,True
@user-hp3zl9wv1f,2023-04-22T13:33:56Z,0,이건 또 무슨 개소리고? 그런예상도 안하고 만든거라?,True
@Yamuyamu4895,2023-04-22T11:57:37Z,1,이 좋은걸 왜 출력 제어를 함? 축전기 설비를 만들거나 이웃 주민들한테 무료로 제공해주면 되는 거 아닌가,True
@thekite3h,2023-04-22T09:30:33Z,3,전력망 재구축이 아니라 수소변환 및 저장 시설을 만들어야지..,True
@dsjeonkorea,2023-04-22T08:29:02Z,0,태양광은 낮에만 발전을 할 수 있어서 저정장치나 산업수요가 없으면 보조 전력공급원으로서는 꽝임. 농업지역인 전라도에  대규모 허가를 내준 것 자체가 배임임.,True
@jejuAbang,2023-04-22T07:54:04Z,0,수도권 7%...거의 모든 전기를 수도권에서 쓸 것 같은데 겨우 7%라니...원전 하나 없는 지역에서 7%는 너무 하다.,True
@user-rp7bj1wd4s,2023-04-22T04:12:18Z,2,"전기가 넘쳐나는데 전기료는 올리고?

한전이 전기를 비싸게 사오는게 모든 문제의 원인",True
@sonicbooster1,2023-04-22T01:48:00Z,4,재성에너지 설치 구축할 때 ESS설비랑 송전시설을 늘려야지 반쪽짜리 정책을 했네,True
@jgryan486,2023-04-22T00:12:04Z,0,이거 미친거 아니냐... 어이가 없네,True
@biyun1962,2023-04-21T20:47:23Z,1,"여분 전기가 나온다는건 결국에는 전기관리만 하면 전기세 안올릴 여건 만들 수
있었다는 거네?",True
@qtk6912,2023-04-21T16:59:07Z,1,효율 드럽게 안나오는 태양광 전라도 기생충들 ㅋㅋㅋ,True
@user-ue2lv9nv6z,2023-04-21T15:57:58Z,2,"아니 축전소를 늘리고 활용해야 하는데  태양광선업을 죽이고 석탄발전소, 원전만 계속 늘리는 정책을 하냐?
미래를 위해서 투자를 해야지... 진짜 답답하다",True
@user-ht1jq8be2x,2023-04-21T14:41:18Z,13,.........? 호남지역에서 생산하는 다른 화석연료 발전설비의 발전량을 줄여서 맞추면 되는거 아님..??,True
@sj-esp,2023-04-21T12:00:06Z,2,결국한전이 굳이 안올려도 되는걸 굳이 적자다 쇼한다는거 ~전 정부에서 신재생 에너지를 좀만 더 철저하게 관리만했어도 욕먹을일이 아니였다는 생각이 드네,True
@user-yr7zj7yf3i,2023-04-21T11:36:51Z,4,효율이 30% 밖에 안돼는대 뭐하러하냐 지원금 도둑놈들이나 수사해라,True
@godstudio2385,2023-04-21T05:23:14Z,1,지난 5년간 얼마나 졸속으로 태양광발전이 집행된 것인지 ㅋㅋㅋㅋㅋㅋ 전 정부는 제대로 한게 없음 ㅋㅋㅋㅋㅋㅋㅋㅋㅋㅋㅋㅋㅋㅋ,True
@yyjj1137,2023-04-21T02:36:17Z,0,"별꼴이네 정말 한전 적자니 전기요금 인상이니 죽는다 하면서
한쪽에선 전기가 남아 발전 중지시키는건 뭐냐?",True
@hemlama111,2023-04-21T01:16:44Z,2,"신재생에너지 하려면 좀 계획적으로 해야하는 데 전정부던 현정부던 그냥 무지성으로 했다 안했다 하니까 돈 낭비...
앞으로도 쭉 윗대가리들 갈아 엎어지지 않는 이상 돈 낭비만 할거임.",True
@user-xz9kl5ek8d,2023-04-21T01:02:09Z,0,지랄들을해요..,True
@baram42,2023-04-21T00:45:01Z,10,진짜 무차별적으로 환경따윈 무시하고 만들길 했지,True
@JONGTAELEE-ds2hp,2023-04-20T23:04:15Z,0,"윤석열이 이 xx 일 년 동안 뭐 했냐
술만 퍼마셨냐",True
@VIP-wt7rv,2023-04-20T22:39:03Z,0,???,True
@user-fs6wn2mt5y,2023-04-20T22:35:07Z,2,"석열아
전기 보관소를 눌려라 ㅋㅋㅋ
전기세ㅠ오른다 ㅋㅋㅋ",True
@user-su9cm4ur6h,2023-04-20T22:31:42Z,0,축전시설에너무많은돈이들어가고효율이없다 전기차전지생각해보면답나옴한대당이천이넘는데 수십조투입해도효율이별로없음. 리튬전지라 대형사고도터짐,True
@oxdoxx,2023-04-20T22:17:11Z,1,"와..댓글들
문재인이 이런 사태의 원흉인 것에 대해서 언급하는 댓글은 눈을 씻고 봐도 없네
전기료 비싸진 것도 모두 문재인이 ㄱ쥘할해서 벌어진 일인데..
요즘은 밤에도 전기소비량 굉장히 많은데 밤엔 아무것도 못하는 태양광이고
저렇게 생산된 전기는 또 한전이 강제적으로 200원 주고 사와서 120원에 파는 구조로 만들어놓은 게 문재인이잖아
그걸 거부하지 못한 한전도 죽인 놈들이지만 왜 원흉인 문재인, 민주당엔 한 마디도 안 하냐?
저렇게 생산된 걸 계속 훨씬 비싸게 사라는 인간들은 그러면 전기료 올리는 것엔 아갈 싸물어야지
전라도는 제발 쫌 독립해라. 기생충질 말고",True
@oxdoxx,2023-04-20T22:05:38Z,1,"저 뉴스에 뻔뻔하게도 민주당 의원이 왜 인터뷰를 하나?
저게 모두 지난 문재인 때 한 짓이잖아. 뉴스 내용에도 있네. 전력망은 생각 않고 무분별하게 허가한 것 때문이라고
그리고 전남 바다 풍력발전소는 어떻고
진짜 대한민국에 거대한 똥을 싸놓고 간 문재인과 지난 민주당 정권
그런데도 뻔뻔하게 인터뷰를 하고 있어?",True
@whiteasasa,2023-04-20T21:58:25Z,1,빨리 수소만들어야지.....,True
@muse1129,2023-04-20T21:51:07Z,0,생산 시설만 만들고 도로는 70년대,True
@GosariMatjip,2023-04-20T21:39:40Z,8,다른건 몰라도 요즘 시대에 석탄 발전소는 아님. 이미 건설 허가 나서 최근 지어버리는것도 있고 해서 막을 순 없지만 이젠 끝내야,True
@johnkim2735,2023-04-20T21:32:04Z,0,정부가 미친 짓을 하고 있다.,True
@user-fn6rt3ug1f,2023-04-20T21:26:04Z,1,문제인 비효율 태양광 송전 인프라 생각 안하고 했넹 국가 재앙 한전 인프라 투자하면대규모 추가적자,True
@jasonju6312,2023-04-20T21:19:06Z,3,수전해로 수소만들어  저장해,True
@sniper-yt5hc,2023-04-20T21:15:49Z,4,화력발전을 멈추는게 맞지 않나?,True
@user-ut9hn3on8x,2023-04-20T21:11:15Z,6,"송배전문제 ,과잉 생산된 저장장치 부족및 설치시 많은 돈이 들어감
전기가 많이 소비되는 여름 겨울에 전기생산이 덜 됨
킬로와트당 현 생산단가 원전 41원,태양광 158원,가스 300원가량든다
탄소배출량 원전 10,태양광 50정도
원전은 고준위 핵 폐기물 저장장소 미흡의 문제점이 있음",True
@user-ld9ep3yh3z,2023-04-20T21:02:57Z,0,거바 항상 도둑넘이 많아서 그래,True
@user-yf4wo1rk7o,2023-04-20T21:02:40Z,2,"정부정책이 5년앞을 못보노
이래서 국민이 정부 정책 믿고 가겠나
정권 바뀔때마다 시시때때로 
국민세금만 날라갔넉",True
@zester231,2023-04-20T20:57:55Z,0,전기세 올리고 불만터저나오면  민영화수순아니겠어  ㅋㅋㅋㅋ,True
@user-jx9wo2xw8l,2023-04-20T20:51:40Z,0,"전기가 남아도는데 원전지어서 뒷돈은 받아야겠고
십세야...송배선을 늘려서 남는 전기 서울 경기도로 보내라고😮",True
@gomtank3357,2023-04-20T20:48:10Z,1,즌라도 저격 제대로 했네,True
@user-hz7jw4kx6p,2023-04-20T16:17:24Z,2,넘치는 전기라면서 ... 전기료는 계속 올라가냐....,True
@user-iq6kx8jr4o,2023-04-20T14:51:48Z,1,전정부가 싸지른 떵치우느라 바뿌다~~,True
@user-qm7ve5qb9f,2023-04-20T14:48:22Z,0,독재자의 개떼정부가 탄생했으니 ㅉㅉ,True
@user-jb3tx5es4v,2023-04-20T12:47:12Z,0,왜? ㅁㅊㄴ 정부인가?,True
@Eva-wf6cx,2023-04-20T12:42:53Z,3,이래서 태양광은 안된다는 것이다. 갑자기 최대출력이 되면서 송전망에 위험을 주고 강제로 멈춰야 한다. 밤에는 안되니 LNG 발전을 보조적으로 해야한다. 지구를 위해 원전밖에 답이 없다.,True
@user-ty4ug5ny4c,2023-04-20T12:31:19Z,0,정신병자들이다 진정,True
@SNOWKANG-4404,2023-04-20T12:12:31Z,3,전기세는 5배가 나오는데 전기가 남는다고...,True
@user-yt2hf5gw3g,2023-04-20T12:01:49Z,0,"미친놈들 하는짖거리하고는
화력발전소  정지시키고 공짜전기사용 하면되지",True
@parkhs8666,2023-04-20T11:57:32Z,0,저걸 왜 사줘야되냐? 원자력보다 비싼데 결국 비싸게 사서 싸게 국민한테 제공하는건데 저런게 쌓여서 적자가 늘어나는거야 그럴거면 그냥 원자력 더 돌리는게 낫지,True
@user-yb8vr6zg8t,2023-04-20T11:51:49Z,1,"다 예견된 일이었는데 제대로 대책을 세우지 않은 거지.
멍청한 놈이 밀어 부치니 속도만 내다가 이런 일이 발생됨",True
@namedmaster1842,2023-04-20T11:48:28Z,1,저게 다 한전에 들어갈 돈 빼서 세운 눈 먼 돈 아닌가?,True
@whentheygolow_wegohigh7306,2023-04-20T11:47:04Z,4,말 같지도않은 짓을 또 하네요. 국짐당과 윤석열정부,True
@user-ns3kf1xf8r,2023-04-20T11:46:35Z,0,ㅋㅋㅋㅋㅋㅋㅋㅋㅋㅋㅋㅋㅋ,True
@user-ny3uq2nj7i,2023-04-20T11:37:22Z,1,수소만드세요...,True
@user-fn7em1yx9i,2023-04-20T11:35:33Z,1,문재인의 재앙은 아직 끝나지 않았다,True
@user-sb8fg7iv4c,2023-04-20T11:29:52Z,2,발전의 종류가 문제가 아니라 송전설비가 문제인데 엉뚱한 소리를 하는 댓글들이 보이네.  당장 새로 짓겠다는 원전만해도 송전설비 확충에 대한 명확한 계획없이 추진하고 있는게 현실이라고,True
@user-ok1gd1cx2b,2023-04-20T11:24:14Z,0,원전고집하는 윤똥때문이다,True
@user-co3lj7wn4z,2023-04-20T11:24:01Z,1,화력 발전소 가동  중단을 시켜야 지   어처구니 없다  원자력 발제소 도   전기세는 좆나 올려놓고 장난치냐,True
@hannalee7390,2023-04-20T11:22:59Z,0,"철밥통  새끼들
ㅡ머했냐
ㅡ세금 처먹으면서",True
@tss1472,2023-04-20T11:21:09Z,1,왕이시키는데로해라,True
@jhs9064,2023-04-20T11:20:24Z,1,"태양광에서 발생한 전기가 늘어나면 당연히 가격이 싸져야하는데
그걸 비싸게 고정을 시켜놓고 전기를 한전에 사라고 문재인때는 만들어놓으니
한전 적자가 눈덩이로 커지지",True
@usseusseussewa,2023-04-20T11:19:55Z,2,"전기자동차도 마찬가지여
밤에 죄다 충전할텐데 그거 어케 감당할거여",True
@TQQQFNGU,2023-04-20T11:19:29Z,4,전기세 올린다는데  전기가 남아돌아  생산를 했으면 저장시설도 만들어야지,True
@user-pt5re9wt7o,2023-04-20T11:14:24Z,13,재벌이 운영하는 사대 민자화력발전은 못건들고 만만한 자연에너지만 뚜드려대네.ㅋ,True
@newfundland,2023-04-20T11:11:48Z,52,RE100 인증 필요한 산업에 전력을 최대한 보내줘야지.....,True
@user-ci9jz6lt8h,2023-04-20T11:05:14Z,0,"전기세인상 백지화 = 윤석열 대선공약
안 지킬 줄 알았음 ㅋㅋ",True
@user-kc1pb3sc4q,2023-04-20T11:04:35Z,18,주간에 남은 전기를 저장하는 장치를 늘려야 겠다,True
@user-kf9o5my383,2023-04-20T10:52:29Z,0,"윤주정뱅이 꼼꼼히도 헤쳐먹네  쓰발
나라가 골로가네 ㅉㅉ",True
@bae5794,2023-04-20T10:45:36Z,2,전기 멈추게 하려면 친환경이 아닌 재벌들이 운영하는 환경오염 주범 석탄발전소를 멈추게 하는게 맞는데 윤정부는부자.재벌을 위하는 정부라 역시 또,True
@user-yh5gg1ms5r,2023-04-20T10:41:38Z,33,발전 허가하고 발전소를 만든만큼 다른것도 키워서 밸런스를 맞춰야하는데 이러면 상체만키우고 하체가 부실한 상황이 된거네요.,True
@adkw21,2023-04-20T10:41:06Z,3,웃기네 민영화 하려고 떡밥 준비중인거 모르냐?,True
@sepiar88,2023-04-20T10:39:27Z,0,그럼 전기세는 왜 쳐올리세요?,True
@user-lz1np1zq8g,2023-04-20T10:39:22Z,0,"이뉴스 모지리 정부의 괘변입니다
그동안 잘 공급하던것이 갑자기 과부화로 정전이된다는데 우리나라 전력 그리드망은 세계 최고 시스텀입니다 다 원전마피아들의 선동입니다",True
@ZZZZbaby,2023-04-20T10:37:21Z,3,"계획도 없이 산림 다 밀면서 태양광 깔기만 몰두하니  제대로 정상 작동 ,, 전력발전 효율 도 제대로 확인 안되고 그냥 무분별하게 난개발 했는데 당연 하지 ..
하물며 태양광 출력이 낮아 돌릴수 있는 분야도 한정적이라 호남에선 당연 남지 ...",True
@leego9194,2023-04-20T10:36:52Z,7,온리 원전하려고 신재생을 강제로 도태시키는듯,True
@Byu556,2023-04-20T10:31:59Z,0,원래 정부가 하는게 이렇죠.,True
@user-dx2ff3hw2v,2023-04-20T10:31:19Z,7,우리나라 특 생산량이 많아도 소비자 가격은 안내려감,True
@Rainday_Dust,2023-04-20T10:27:54Z,1,젱부 허는짓 보소,True
@user-rr6vr3eb8m,2023-04-20T10:23:45Z,1,참댓글수준하고는. 문정부가 대책없이 태양광늘린대가잖아 . 현정부탓하는 꼴보소,True
@qaz6151,2023-04-20T10:20:26Z,1,"전력이 부족하다며 요금 올린다고 ㅈㄹ 하더만  , 이제는 남아 돈다고 ㅈㄹ ㅈㄹ ㅋ",True
@user-uv5wc1ep8g,2023-04-20T10:15:52Z,0,머 이런나라가 다있냐 지랄도 가지가지 전기세는 족빤다구 올리냐,True
@gachi_do,2023-04-20T10:13:22Z,3,"RE100으로인해 우리나라기업의 재생에너지가 턱없이 부족한데...
도대체 정부는 생각이 있는 것인가? 우리나라기업들 망하게 할 작정인가?
시대를 역행하는 굥정부~ 욕나온다.",True
@user-mo4qe3zv5i,2023-04-20T10:10:02Z,2,더불당과문씨 책임이 크네,True
@user-mo4qe3zv5i,2023-04-20T10:09:03Z,2,전기보관기술도 없으면서?,True
@user-rc9ey1xw9r,2023-04-20T10:05:28Z,10,미쳤네 아니 상한도 걸고 차단 까지 한다고? 이래놓고 한전은 성과금 잔치하고 책임은 개인한테 넘기는 꼴이네,True
@user-nb2ms8sy6p,2023-04-20T10:02:37Z,2,원전줄여서 전기없어서 전기세를 올리는데 왜 멈춤?,True
@user-hh1mp3nu6y,2023-04-20T10:01:07Z,4,"전기가
남아도네...
전기료 올리기만 해봐",True
@JJ-lo6pk,2023-04-20T09:57:49Z,48,"저렇게 전기 넘칠수도 있네...
전기부족하다고 지롤하지말고 
저런방법 많이좀 적용해라",True
@user-jg8wm4gf1s,2023-04-20T09:56:06Z,5,re100 은 개나줘라 이건가?,True
@unicorncloud2666,2023-04-20T09:47:50Z,4,태양광산업 누가 했더라???,True
@jamesLee-px4ux,2023-04-20T09:33:55Z,3,이것도 문가 책임! 현정부는 도대체 하는 일이 없네,True
@user-vi5ph3xe3h,2023-04-20T09:32:54Z,11,다른지역으로 보내면 안되나요 저장했다 보내는시설을  만드는건 안될까요   아깝네요,True
@user-ws6hj1fw9t,2023-04-20T09:30:44Z,1,호남에 너무 퍼줫네 ㅈㅈ 적당히 했어야지,True
@user-do1ct4ef4w,2023-04-20T09:21:26Z,0,전기 사용산업  유치로 해결,True
@user-zq3qf5ft5m,2023-04-20T09:16:56Z,32,정부가 미쳤구나,True
@user-ve9hr4tr1m,2023-04-20T09:16:36Z,25,전기가남는데 전기세는왜올라?,True
@user-yw8ns2ww2u,2023-04-20T09:04:20Z,3,호남하고 전력 분리시켜라.,True
@user-gg6ki1fj3c,2023-04-20T09:03:05Z,10,"정말 한심하다 한심해...
대체 정부는 뭐 하는 집단인지????",True
@user-he3qh9mr1z,2023-04-20T08:57:45Z,0,재인이가 싼똥이 여기도 있구나 🤬😡,True
@user-yp2yo2fq7n,2023-04-20T08:56:19Z,1,태양광 발전 그렇게 욕하면서 여론몰이 보도 하더니 내로남불,True
@seung2c,2023-04-20T08:55:07Z,1,Ess,True
@user-lr3bq7mw9l,2023-04-20T08:52:52Z,17,남는 전기로 그린수소 만들어라!,True
@user-br6jr7zg4z,2023-04-20T08:47:40Z,30,산자부는 알고 있으면서 계속 미루다 미루다 터진거지나요? 알지만 일을 안한다. 누가 잘 못한걸까요?,True
@83nobleman,2023-04-20T08:46:36Z,29,re100 부족 하다던데 빨리 시설을 갖추길,True
@user-tt9nt2dt4t,2023-04-20T08:45:33Z,42,"이 뉴스의 문제점은.. 무작정 전력망 확충만 이야기 한다면 점...
중간에 그래프에서도 나오지만 2달 정도의 기간을 제외하면 현재 전력망으로도 충분한 수준 밖에 생산이 안되고..
딱히 저 기간에만 전기 더 쓰고 나머지 기간에는 현재 상태로만 써야 될 정도의 수요량 밖에 안된다는 것을 지적하고 있지 않다..
결국 저 기간에 추가 생산된 전기는 버려야 된다...
바로 그게 친환경 발전의 문제인데 그 점은 지적하지 않느냐는 것..",True
@jjk3264,2023-04-20T08:42:47Z,12,문재인판 바다이야기,True
